Alternative,EMV ($),Expected Utility,Certainty Equiv ($),Risk Premium ($)
Advanced_ML,990820.48,-1.642351,992257.65,1437.17
Rule_Based,9326577.53,-239.999724,10961275.55,1634698.02
Standard_ML,3466707.8,-6.609789,3777103.57,310395.76
